Data Point,Influence Score
1135,-0.021664259083674753
338,-0.01896783290716486
115,-0.018955987165056865
558,-0.018726015084160053
1460,-0.018715350142504805
775,-0.01867394336784145
127,-0.018585561828045938
166,-0.017146958371210053
1340,-0.017095606230156823
829,-0.017010109002709717
809,-0.01675148472414767
1615,-0.016701031718612147
872,-0.01663181443369388
237,-0.016553758495247872
407,-0.01652843331211018
1504,-0.01650599159344568
1262,-0.016468075213414646
774,-0.016423500227941257
1327,-0.016376793019504232
1154,-0.016287455758702718
860,-0.016200938425800726
599,-0.016188352386551585
322,-0.014615382699295854
1655,-0.014588583781684372
744,-0.014588583781684372
1111,-0.01457455833918364
241,-0.01453069526931583
1126,-0.01453069526931583
1406,-0.014487549417497192
1308,-0.014477886935589601
1049,-0.014442431971827263
1109,-0.014429331497574527
1190,-0.014390830800405263
1510,-0.014386660231525017
1609,-0.014377348368109666
991,-0.01437675527339477
770,-0.014351869679008922
1323,-0.014344997988614883
1229,-0.014333894412677961
1211,-0.014331760346826261
668,-0.014303647372935546
822,-0.014303647372935546
415,-0.014303260823573138
370,-0.014293982503052027
660,-0.014293982503052027
462,-0.014293982503052027
721,-0.014277418804449993
920,-0.014272343211468641
1081,-0.014236120743062797
782,-0.014232124258720003
1057,-0.014231992594104459
1569,-0.014210721357351908
972,-0.014210721357351908
930,-0.014196389936295017
1169,-0.014192618731310946
1652,-0.014187868911343382
33,-0.014185853495763845
542,-0.014173440209670485
332,-0.01416899560795637
1215,-0.014127054947866036
456,-0.014109725572326814
1600,-0.014098720998526937
280,-0.014090944143985373
831,-0.014075293123383292
505,-0.014058882969707032
1541,-0.014058882969707032
1387,-0.014058882969707032
327,-0.014058882969707032
1601,-0.014052922451117333
1344,-0.014044463451741374
1172,-0.014044463451741374
1558,-0.014036843887748396
310,-0.014029161626529119
83,-0.014028542351842144
1303,-0.014026532590212137
271,-0.01399843523841604
848,-0.013956678928368493
1393,-0.013955707644900395
1002,-0.01394440117464435
354,-0.013942259410402835
1633,-0.013862985634842118
1494,-0.013840304903819822
780,-0.013821412039703773
441,-0.01379388921024094
712,-0.01376160028522988
688,-0.013736728185518299
915,-0.013683770545322327
276,-0.013583214725117032
783,-0.013536038399402761
1378,-0.013536038399402761
1261,-0.013359008458139976
988,-0.01330506510751528
185,-0.012646721406479267
574,-0.012581443533520198
593,-0.012533464746526612
909,-0.012435839893498501
1159,-0.012431835398593605
7,-0.012395887763171465
52,-0.012363672759642341
632,-0.012336952738688511
301,-0.012331642242839447
1050,-0.01232458439771389
253,-0.012294203507027812
1044,-0.012266297815792915
1515,-0.012260945150865732
305,-0.012260945150865732
1039,-0.012255022189839426
68,-0.012246836334965372
1147,-0.012221230199777389
522,-0.012218899240860948
399,-0.012197827175262965
627,-0.012189183706531881
384,-0.012189183706531881
458,-0.012189183706531881
508,-0.012179149636624698
611,-0.012178649242227335
1405,-0.012165397214572882
1007,-0.01216505301697024
857,-0.012159174996907884
934,-0.012159174996907884
88,-0.012151610580062089
769,-0.012146322872899962
984,-0.012145018841536848
1175,-0.01209536176361481
1078,-0.012070958176009006
89,-0.012070958176009006
30,-0.012062554775938983
9,-0.012056498697819218
77,-0.012056498697819218
1130,-0.012054100288201197
638,-0.012054100288201197
286,-0.012054100288201197
588,-0.012039261439602544
294,-0.012038161821582127
964,-0.012026764606551832
704,-0.012026547069158622
126,-0.012024518318694333
1302,-0.012020841932039117
1676,-0.012020841932039117
992,-0.012020841932039117
631,-0.012010528420102973
687,-0.012008671939389148
955,-0.012004278233437082
899,-0.011997317283654496
186,-0.011997218808684651
1104,-0.011996767714906653
1545,-0.011985935418177163
943,-0.011981962805310387
481,-0.011977707296541351
975,-0.011957307109265791
1617,-0.011947387950410504
1238,-0.011942995849326565
135,-0.011937663284866118
59,-0.011922888970761436
619,-0.011897746323261904
1068,-0.011887484351873145
679,-0.011872054549209365
802,-0.011868058064866571
826,-0.01185370857341661
1232,-0.011849767943221345
1437,-0.011845785004975018
576,-0.011832969883881717
784,-0.01181991658335435
1686,-0.011812155644898126
1273,-0.01180579689654404
1529,-0.011804581236890432
586,-0.011802635484046364
1065,-0.01179920809514079
515,-0.01179612010806863
1018,-0.011795661557549408
369,-0.011772230857395649
1383,-0.011769019747038367
1639,-0.011756804914099694
978,-0.011753219136256265
471,-0.011749222651913582
487,-0.011749222651913582
1286,-0.011735206894631034
564,-0.011732529965812755
539,-0.011729596012901689
710,-0.011729596012901689
716,-0.011717371406923194
1216,-0.01168953750187307
1412,-0.011687655352811466
550,-0.01167889711225134
1256,-0.011652062992968615
1177,-0.011647592950784436
845,-0.011646506798465572
610,-0.011643078679999808
1156,-0.011637414236181476
382,-0.011622112410969332
1329,-0.011611879101311007
368,-0.011605063856686693
406,-0.01160106737234401
35,-0.011589104232860414
1122,-0.01156376077376442
703,-0.011555095706831331
1458,-0.01152634772454697
1219,-0.01150370008494539
1071,-0.011467012086014972
1435,-0.011443840559390517
1267,-0.011439420277029932
1003,-0.011438204462503543
507,-0.011420963601128542
812,-0.011410629974309416
1459,-0.011402711377119346
1055,-0.011396908824422458
935,-0.011346711798839504
1336,-0.011346711798839504
1133,-0.011319513731714692
1106,-0.011267760282003048
1498,-0.011254441558502748
261,-0.011253960236621952
1087,-0.011245162879323645
535,-0.011180306332264967
881,-0.011133102740185974
1575,-0.011111063615022454
497,-0.011078121776610161
252,-0.01046539129298829
979,-0.010424425668355441
1295,-0.010322401951472493
6,-0.010298492040734297
1051,-0.010232666336305707
1421,-0.010232666336305707
1665,-0.010232666336305707
880,-0.0102028823153274
545,-0.010184415770430388
1107,-0.010184415770430388
1191,-0.010160185162447766
168,-0.010144493699963952
1471,-0.010087577847474938
523,-0.010073414052195862
1180,-0.010064647446293984
1379,-0.010059398826828936
725,-0.010046710669794012
297,-0.010040155696033781
722,-0.010040155696033781
963,-0.010040155696033781
438,-0.010037590687553388
1343,-0.010021906028177985
532,-0.01001952295588604
1040,-0.010016532572679093
906,-0.010003582956439216
490,-0.010002777661590634
1274,-0.009986168607472257
1031,-0.009984369796788406
903,-0.009971784704262743
82,-0.009967576048986126
251,-0.009967576048986126
623,-0.009947343378194584
372,-0.009938635543377039
359,-0.009934801890693401
1145,-0.009931938281437791
1382,-0.00990755190668724
713,-0.009905300747276358
495,-0.009897993194298627
195,-0.009895094875128074
1666,-0.009895094875128074
581,-0.009891367426455244
218,-0.009884310468078139
853,-0.00988277014111194
188,-0.00988144915434852
1455,-0.00988144915434852
736,-0.00988144915434852
985,-0.009869318258365123
1350,-0.009865946701053119
855,-0.009865946701053119
607,-0.009862266898095773
669,-0.009850518478016212
405,-0.009828100529571393
480,-0.00981728076866717
1637,-0.009809769161461368
647,-0.00980575761432656
665,-0.00979914484175648
108,-0.00979914484175648
474,-0.009777076340641067
1225,-0.009776176694898941
90,-0.009772770415267695
1673,-0.009772532900250819
201,-0.00977113750248737
707,-0.0097658864855944
639,-0.00975716949261185
871,-0.009752125781347987
675,-0.009739963427591869
942,-0.009739963427591869
1132,-0.009739963427591869
396,-0.009737559505498705
11,-0.009736388333442925
1282,-0.009726471181638496
924,-0.00970724015936797
961,-0.009697515493823472
1033,-0.00969499347441427
478,-0.009694698671866675
1045,-0.009694698671866675
746,-0.009694698671866675
80,-0.009693027374398255
1475,-0.009690991994428133
1656,-0.009686412670609768
1032,-0.009680279153901128
358,-0.009674040151199215
99,-0.009672256953202285
1091,-0.009669994351698907
1659,-0.009658475320268867
386,-0.009656656030546551
291,-0.009653633032296272
299,-0.009650428621174156
1025,-0.009647476385132636
466,-0.009647054439825276
206,-0.009640637005572272
1020,-0.009634758985509917
31,-0.009634758985509917
663,-0.009633632364998035
169,-0.009633251089801065
743,-0.009633251089801065
837,-0.009633251089801065
819,-0.009632804437618714
773,-0.009632804437618714
1663,-0.009632804437618714
1285,-0.009631977841047412
1369,-0.009619951330107845
302,-0.00961379271647933
1535,-0.009601534271434065
351,-0.009595966221111474
394,-0.009594851792300352
1196,-0.009592514355952209
1037,-0.009591643123348481
256,-0.009582895682233139
1347,-0.009580568002403589
330,-0.009580568002403589
1194,-0.00958003436850352
947,-0.00958003436850352
753,-0.009579203867300934
1008,-0.009576608209501458
132,-0.009567764639953236
776,-0.009564961136909522
1386,-0.009564928777653914
1374,-0.009564433445847786
361,-0.009557917688599815
74,-0.0095514288344285
363,-0.009545594607651364
686,-0.009545594607651364
78,-0.009543011558227787
1618,-0.009538589967076905
1227,-0.009531175089685706
702,-0.009531175089685706
290,-0.009530194349560928
949,-0.009527706128924618
1607,-0.009525143315182283
284,-0.009515469754831418
323,-0.009514392111594883
1048,-0.009511356386130876
583,-0.009507988355355934
117,-0.009507988355355934
144,-0.00950399187101314
116,-0.00950399187101314
1099,-0.009501877516850166
124,-0.009499835031371417
614,-0.009498263689811437
328,-0.00948757042868642
1587,-0.00948709086230104
766,-0.00948709086230104
1117,-0.00948709086230104
1231,-0.009486869282132049
1468,-0.009483284035188055
847,-0.00948223362510947
527,-0.009481496140382406
1568,-0.009480435136313248
350,-0.009476616746793454
628,-0.009470256350542328
175,-0.009467857560992776
353,-0.009465671078995985
1012,-0.009463684996692145
120,-0.009462691933696643
916,-0.009450883878445948
517,-0.00944950668898048
1398,-0.009449440502318995
50,-0.00944234299388469
552,-0.009435507181497882
258,-0.009435507181497882
337,-0.009431879088933948
1457,-0.009431510697155199
1036,-0.00942537072856231
136,-0.009413418432175469
1339,-0.009413418432175469
1269,-0.009411884058143416
1258,-0.009384664615010752
1294,-0.009368490477360103
1441,-0.009367309072670027
1074,-0.009366300496394309
608,-0.009366300496394309
112,-0.009365181641835751
862,-0.009364273665168454
546,-0.009364273665168454
333,-0.009361185157493068
887,-0.009361185157493068
1146,-0.009344442936268349
692,-0.009342329195827226
1158,-0.00934208620954291
445,-0.009327926801330988
67,-0.009327926801330988
1651,-0.009314795537513687
1474,-0.009314795537513687
1582,-0.009314092461255585
1434,-0.009308300162318983
14,-0.009305966158638435
646,-0.009299450401390574
613,-0.009299450401390574
388,-0.009299178056511037
1090,-0.009296075556340488
371,-0.009279153216558589
306,-0.009271392278102142
485,-0.00927123719661882
1059,-0.009267363984792332
1442,-0.009264173561935096
1322,-0.009263725176845705
366,-0.00926316415646622
1127,-0.0092567401088961
548,-0.009253812949617801
512,-0.009249292935244569
897,-0.009246535509607967
1365,-0.009244389524749042
119,-0.00924193690113273
1241,-0.009239457582905786
226,-0.009223493782874126
1622,-0.009220757794221268
1527,-0.009219468066518077
205,-0.009212663397914045
642,-0.009208078126367591
1619,-0.009208078126367591
1678,-0.009195014401719992
375,-0.009179139418501125
1497,-0.009179139418501125
1072,-0.009169607848685812
1391,-0.00916236500683254
1259,-0.00916025490027772
921,-0.009157521530725021
138,-0.009134650748159112
1290,-0.009130997936989016
1559,-0.009123920419646492
131,-0.009117246971706572
426,-0.0091067143546264
965,-0.0091067143546264
1070,-0.0091067143546264
1171,-0.009106448778434806
1502,-0.00910466433501056
317,-0.00910334594225548
836,-0.009096650869385603
429,-0.00906898595628014
1404,-0.009045324350924644
250,-0.009043554195512837
364,-0.00904178788915544
104,-0.009041448043882183
670,-0.009021410845793443
806,-0.00901063465904739
1401,-0.00900358075874963
1433,-0.008994080432893403
661,-0.008977563864568827
1079,-0.008972307128020662
1304,-0.008968942978684447
229,-0.008949726068520403
648,-0.008880237106587585
1370,-0.008866704559593597
345,-0.008865485010105645
1627,-0.008766291606126297
790,-0.008725314515571125
1077,-0.008723814369934524
1490,-0.008683299560959035
360,-0.008627701343110195
313,-0.00816631595703643
1562,-0.0080498450267954
217,-0.00797578534583454
488,-0.007933508960253133
38,-0.007933199148243086
262,-0.007902083905106494
544,-0.007879844164693894
616,-0.007879844164693894
886,-0.007864369212097877
1268,-0.007831879612320125
1366,-0.00781074626836098
298,-0.007807403676047819
123,-0.007789001482472635
1257,-0.007788620826801207
183,-0.007773911100464215
516,-0.007755702097437478
835,-0.007746786594154065
1244,-0.007743392001666183
1574,-0.007737324922709288
308,-0.007729030490329913
1518,-0.007728816395629723
266,-0.007714012435861339
1314,-0.007713256129910251
1385,-0.007698487752334393
1481,-0.007670896189563292
1325,-0.00766632829166447
1496,-0.007662875134450298
658,-0.00765407274950447
316,-0.00765407274950447
1115,-0.007641748015488226
727,-0.0076387114677372026
951,-0.0076387114677372026
865,-0.0076387114677372026
1243,-0.007627814694667112
28,-0.007626493707903803
571,-0.007626493707903803
233,-0.007620789496426528
1634,-0.007613023245260808
1606,-0.007603509855132695
1266,-0.007603509855132695
1537,-0.007594958047795641
309,-0.0075649083716459176
977,-0.007559105481682371
1144,-0.007550263739456442
1310,-0.00754843713963127
227,-0.00753729340775422
1042,-0.007534613731422279
996,-0.007528481062622161
1588,-0.007521874655071148
1245,-0.007521874655071148
1214,-0.007512557255465069
1301,-0.007512557255465069
1114,-0.007511189181277578
1493,-0.0075018805071996875
56,-0.0075018805071996875
1345,-0.007495239463979675
873,-0.00749351012928845
762,-0.00748833917525249
1438,-0.007487739674856275
93,-0.007486956518318433
1041,-0.007481432886998096
715,-0.007481432886998096
1517,-0.007481432886998096
228,-0.007480948377191821
0,-0.007470949587657927
652,-0.007456837297089014
893,-0.007451430492929623
894,-0.007449774302296319
1353,-0.007449774302296319
1572,-0.007446509958180081
260,-0.00744509431986895
1356,-0.007442005826925557
1165,-0.0074397432254219575
796,-0.0074391713588425334
243,-0.007433585261599429
604,-0.007432418479325631
1467,-0.007426312928749845
786,-0.00742567277141748
1648,-0.007398677585851443
1272,-0.007393103298758419
106,-0.007393103298758419
1411,-0.0073798035390651995
160,-0.007372322139589493
1247,-0.00737043602605103
1317,-0.007365656567633994
582,-0.007365656567633994
1222,-0.007362436727093913
1553,-0.007358837270034502
1136,-0.0073558187546695075
852,-0.0073558187546695075
969,-0.007355370032524733
756,-0.007354034609873716
1160,-0.007343061964505515
1208,-0.007342615312323275
1439,-0.00733491090014049
1341,-0.0073332582130389845
691,-0.007325701399324203
451,-0.007325612555958649
1333,-0.007325612555958649
799,-0.0073170470307517554
509,-0.007311738804055556
798,-0.0073097193411106876
1579,-0.0073097193411106876
1416,-0.007304266647423452
592,-0.007291820565896723
1332,-0.007291820565896723
1080,-0.007286520082135817
1668,-0.00728190454254285
1053,-0.00727757281244279
1027,-0.007273229938341341
761,-0.007272137054532224
601,-0.0072687382437652825
945,-0.0072687382437652825
678,-0.0072679300604832076
1318,-0.007266780973854581
861,-0.0072655955378758685
150,-0.007262322413745248
402,-0.007262322413745248
1204,-0.007257646381236382
671,-0.007255649197138614
1166,-0.0072490364245684225
1223,-0.007246721491089514
1491,-0.007246583816736374
1407,-0.007241348349339871
1239,-0.007241348349339871
885,-0.007239530563998509
597,-0.0072382158151180764
549,-0.007233111875654452
1449,-0.007232135415856211
719,-0.007220673415555545
390,-0.007220632752169109
1221,-0.007220632752169109
1390,-0.007216382100911023
277,-0.00719668015683661
346,-0.007194485055874278
443,-0.007194485055874278
1384,-0.007193851494746384
247,-0.007193851494746384
1443,-0.007192530507983075
1095,-0.007192530507983075
695,-0.007192530507983075
102,-0.007188917005551687
254,-0.007188917005551687
621,-0.007188917005551687
72,-0.007181783834611766
1009,-0.007180067225246889
1463,-0.007180067225246889
562,-0.007168104228020056
1567,-0.007167215101238966
1539,-0.007158904792035181
81,-0.007158738517920926
805,-0.007158738517920926
43,-0.0071579119213497355
1495,-0.007155692291475946
1284,-0.007151403560977987
1429,-0.007145268055278042
731,-0.007136214734303259
1164,-0.007134216152973161
1030,-0.007125142281761754
197,-0.007124631039126306
342,-0.0071241258741259195
1578,-0.0071228030882786175
44,-0.00711687010066997
1524,-0.007109560905153578
1445,-0.007095050808903491
1084,-0.007093654914203551
1470,-0.007091387357194612
1188,-0.007091133094155655
84,-0.007086323365568359
1376,-0.0070825772400266995
98,-0.007081791700435769
12,-0.0070732706202234485
620,-0.007071068078528198
66,-0.00706894563853
1643,-0.007055413946511324
196,-0.007054305499464175
95,-0.007054305499464175
1483,-0.007051054737224893
439,-0.007042096545327836
153,-0.007041734160378121
1640,-0.0070390151939103696
846,-0.007038100060985042
17,-0.007038100060985042
841,-0.007035159591306184
757,-0.007035159591306184
556,-0.0070339224356582575
63,-0.007031442645944352
1324,-0.007031321339681762
1602,-0.0070298889458747515
1576,-0.007018783407522156
1565,-0.007014762651131989
411,-0.007005780025501229
167,-0.007001783541158546
352,-0.0069975521865218715
999,-0.006997118963639637
1022,-0.006988254203880162
498,-0.006988199284298613
475,-0.006983909220065199
1209,-0.006982756359952713
189,-0.006972362478993466
689,-0.00696828017874962
1427,-0.006964714385930715
1536,-0.006964512620073249
161,-0.0069601291143844835
1076,-0.0069525807777101045
1453,-0.0069522553650825936
867,-0.006948378154772561
1503,-0.006948058688296621
86,-0.006948035251131746
772,-0.00694584033914436
420,-0.006934937555354681
726,-0.006934937555354681
1628,-0.006934937555354681
566,-0.006934937555354681
192,-0.006934937555354681
577,-0.006934937555354681
1530,-0.0069248740701138844
151,-0.0069248740701138844
960,-0.0069248740701138844
1671,-0.0069248740701138844
1375,-0.006924155415498734
993,-0.0069202013460815115
1603,-0.006917470608369003
1270,-0.006911763413906091
182,-0.006904825276424553
210,-0.006891115722138075
464,-0.006891115722138075
304,-0.006886708970042399
1289,-0.006886122064280409
1338,-0.0068815367927340665
1670,-0.0068815367927340665
732,-0.006877733615569204
617,-0.006866566563583865
357,-0.006860077408008203
944,-0.0068578573659759945
859,-0.00685605432199321
612,-0.006841875155392141
626,-0.006840808811693466
401,-0.006840808811693466
1478,-0.006832190841932317
318,-0.006824937829510436
895,-0.006819768077068855
69,-0.006806296452539939
122,-0.006789002399868127
917,-0.006787412969290418
200,-0.0067598542257930605
514,-0.006751258918586744
1400,-0.006751258918586744
178,-0.006743390200686816
952,-0.00673349102957066
983,-0.006726805107485689
455,-0.0067107408057992535
1555,-0.0067107408057992535
1251,-0.0067107408057992535
629,-0.006710197756146785
705,-0.006699736231999376
693,-0.006678168347484248
595,-0.006677381850028863
391,-0.006676200613605854
493,-0.006666406782904533
1674,-0.006661262213550456
1447,-0.0066534276729312
165,-0.006653254789988239
312,-0.006653254789988239
409,-0.006648842967232116
76,-0.006637312931488837
863,-0.0066365621038873
184,-0.006630059919066955
476,-0.006630059919066955
742,-0.006615196685739955
1150,-0.006610977830389442
529,-0.006610809085813241
636,-0.006565459705157206
274,-0.006536031612237925
741,-0.006534167785171463
57,-0.006529514839051953
1153,-0.0065014188162522135
986,-0.00647723139744405
356,-0.00631369025545625
520,-0.006281918436173761
1240,-0.006253461130097282
538,-0.0061881709542438434
1094,-0.0060655484997037545
365,-0.005973877163670371
179,-0.005841244839517867
1526,-0.005795155915974903
118,-0.005736276405595375
85,-0.005600540815926758
1531,-0.005565492603322064
4,-0.005534912642605527
449,-0.005527762187541807
1320,-0.005505294229276925
268,-0.00550304857688555
1351,-0.005483761309584612
223,-0.005474483966191879
1523,-0.00547053414214671
1236,-0.005467978524272499
733,-0.005445881811059317
666,-0.0054379901426793165
1186,-0.00543328329467252
1430,-0.005426837516188443
1403,-0.005424073065766866
1681,-0.005424073065766866
838,-0.005423526553499536
1417,-0.005415940743118575
1436,-0.005415940743118575
1408,-0.005394750443643681
834,-0.005363058177840663
1162,-0.005359965909461084
645,-0.005359965909461084
279,-0.005353353136890893
728,-0.005345102252189093
344,-0.005314305384465756
334,-0.005314305384465756
234,-0.005314305384465756
324,-0.005312743928627572
526,-0.005300092244609478
1083,-0.005286175309626828
1342,-0.005286175309626828
400,-0.005277918463570508
269,-0.005277123168443532
1187,-0.005277123168443532
1409,-0.005275712794713727
1358,-0.00527527853655696
830,-0.005272720674456388
883,-0.0052669192086263195
42,-0.005257559778686138
1583,-0.005250160132826087
1543,-0.005247023533944684
499,-0.005244720945391745
1029,-0.005244720945391745
198,-0.0052361339753739244
1599,-0.005217801279702505
1397,-0.005210408367306019
1287,-0.005209492099145119
60,-0.005209005902000685
19,-0.005202727448168298
1482,-0.005200239500598447
130,-0.005194769450666992
1506,-0.005186108740798834
61,-0.005176820182356989
1399,-0.005163720932239935
428,-0.005157003092671308
1185,-0.0051537487749694355
492,-0.0051537487749694355
662,-0.005149826072022745
1542,-0.005140096389485094
1152,-0.0051399702342298514
325,-0.00513825683962299
1592,-0.005127168501713797
491,-0.00512095174329219
1305,-0.005118951059696508
748,-0.005118641740982199
239,-0.005117366693144665
58,-0.005113485867379697
1278,-0.005113479131491627
1168,-0.005109037544576589
849,-0.005104911944492252
1313,-0.005103203587974781
489,-0.0050996601244862605
697,-0.005088218519069709
1082,-0.0050865159145175864
1489,-0.005075213399681422
46,-0.005069474741310365
640,-0.005069474741310365
1237,-0.0050587240065589345
1585,-0.005058576865559106
213,-0.005057828083832927
1173,-0.005057828083832927
794,-0.005057769995731043
1685,-0.00505418201204455
948,-0.005046682588682905
1073,-0.0050429788120646135
962,-0.005036578770097777
335,-0.005036250027234512
1581,-0.005027708022417587
40,-0.005023153668228031
579,-0.005022617649371508
39,-0.005022617649371508
808,-0.005021760154738875
157,-0.005018679994883812
787,-0.005015389247646218
1337,-0.005012010783287391
682,-0.005012010783287391
1519,-0.0050073669673004195
1629,-0.0049999668260577446
902,-0.0049999668260577446
319,-0.0049994692957862075
1625,-0.004998077462466277
367,-0.0049980728325027535
255,-0.004988830788956955
437,-0.00498767722997373
452,-0.004987127992763352
162,-0.0049830408130457915
1528,-0.004981977543197846
1596,-0.004972754323505413
791,-0.004972754323505413
1450,-0.004970953264167521
156,-0.0049612764396869125
706,-0.0049573373106707175
1277,-0.004953762216521773
1291,-0.004951031478809265
1279,-0.004949816098969939
1662,-0.004948577150113875
1254,-0.004948185553135809
1604,-0.004942156766539529
1675,-0.004940967993568579
777,-0.004940967993568579
901,-0.004939529609429449
578,-0.004938086764177729
1334,-0.004926208997479198
1300,-0.0049192272297285955
1564,-0.004918330046509545
502,-0.004914967429165085
651,-0.00490971960435671
145,-0.004903662369450945
524,-0.004902883791970125
1620,-0.004902341382687525
1413,-0.004902341382687525
1464,-0.004901529344022437
295,-0.0048976530369800875
699,-0.004892407862489123
53,-0.004889593830840533
778,-0.00488887092004453
1043,-0.0048831498863280975
1598,-0.004882975352374808
292,-0.004882655297236083
259,-0.004871260146399159
87,-0.004869675592681588
905,-0.0048694454114751595
654,-0.0048694454114751595
1255,-0.0048685493926254875
1118,-0.004866586225768743
1597,-0.0048604382397722246
1507,-0.004850985303113009
528,-0.004850365231570897
460,-0.004850178320697673
1557,-0.004850178320697673
1595,-0.004843019493946499
216,-0.004843019493946499
1088,-0.004841315336636121
100,-0.004839729047766972
1477,-0.004835653421413011
1487,-0.004835653421413011
1297,-0.004835653421413011
1125,-0.004830844859628813
506,-0.004824353425043948
898,-0.0048200705913471475
1,-0.0048200705913471475
521,-0.004819687746619561
340,-0.004818246786181701
152,-0.004813182794555448
1642,-0.004806845046206876
339,-0.004806447561453875
263,-0.004799164018643554
1035,-0.004794672324067495
379,-0.0047881266469465
1179,-0.0047805112148230355
1330,-0.004778966989213318
49,-0.004773502519493378
1654,-0.004773502519493378
164,-0.004770833750871506
1657,-0.004770123165513285
71,-0.004764757899877736
533,-0.004760385441306747
1292,-0.004753284077439246
821,-0.00474932534610184
602,-0.004748882777619534
907,-0.004748882777619534
320,-0.004748882777619534
149,-0.004748643075916159
377,-0.004748643075916159
1388,-0.004747278856096049
1058,-0.0047467292865898125
155,-0.00474579221754079
1479,-0.004739320429104188
1311,-0.004739226019624954
740,-0.004739226019624954
1140,-0.004739226019624954
1142,-0.004736593544705792
245,-0.004732516913217855
468,-0.004732516913217855
1281,-0.004719785575048707
946,-0.0047156375728903965
1462,-0.004712691716861506
1486,-0.004707012318598269
442,-0.004706929838344087
813,-0.004706485815355377
1644,-0.004705304410665301
694,-0.0046980535360946485
970,-0.00469314918154129
1590,-0.004687426274155304
1264,-0.004686988543371462
25,-0.004679407008881253
856,-0.004675412436307869
1275,-0.0046747781096133645
1420,-0.004674525260635276
486,-0.004663803150800838
1069,-0.004661796984341771
1414,-0.004661796984341771
1047,-0.004661491806731588
421,-0.00465565121384881
684,-0.0046528810645768415
637,-0.0046528810645768415
174,-0.004650150326864333
635,-0.004637044017876457
1312,-0.004634030431752589
815,-0.0046313582314568835
41,-0.004624188010026731
1505,-0.004620435942607415
1184,-0.004619486607206791
418,-0.004619475516115079
1260,-0.004617321437496824
1610,-0.004615108986925853
240,-0.004614196808120363
1396,-0.004610342252186261
672,-0.004608396221721156
968,-0.004601206696054572
1658,-0.004600926596842525
625,-0.004600926596842525
1623,-0.004598474759448967
1075,-0.004598474759448967
75,-0.004598474759448967
314,-0.004583535390272897
739,-0.004581950655895284
1360,-0.004580629669131864
816,-0.004577182383164957
23,-0.00457604532626299
341,-0.004575615773743991
1680,-0.004571366571734625
818,-0.0045680306256301595
15,-0.0045680306256301595
664,-0.004567728655611836
913,-0.004558911971128676
624,-0.0045570598447242094
1321,-0.004554392046240419
1591,-0.004552237833779338
1380,-0.004552237833779338
751,-0.00454929716875252
1389,-0.00454929716875252
275,-0.00454929716875252
137,-0.00454929716875252
1163,-0.004548854608825481
1521,-0.004548854608825481
20,-0.004548854608825481
373,-0.004548670442357627
1630,-0.004542365453249819
1119,-0.004540395980087264
1210,-0.004535860931650149
343,-0.004521303928581744
389,-0.004509105745424402
29,-0.004508796097796863
779,-0.004508193566618801
1660,-0.004508193566618801
242,-0.0045071649472493425
1201,-0.0044891818454795285
1614,-0.004485293825162939
1176,-0.004479654683822165
483,-0.004472073434839352
504,-0.004460871635657004
1584,-0.004460871635657004
888,-0.004460871635657004
537,-0.004453028192448305
1346,-0.004450808150416208
811,-0.004448661201899018
758,-0.004448661201899018
959,-0.0044474011730140095
745,-0.004441549669513267
990,-0.004439153898373682
1415,-0.00443571239276086
281,-0.00443571239276086
519,-0.004408251017781861
1016,-0.004401545895106995
765,-0.004393879186650129
1248,-0.004385724546698722
3,-0.004383764154773151
278,-0.004365301327320714
896,-0.004361130217730991
568,-0.004346375131959346
1134,-0.004332230532842263
1202,-0.004332230532842263
230,-0.00432773517414109
1001,-0.004320027131560322
147,-0.004312973231262673
1067,-0.004303916658894624
649,-0.004281006106561014
1250,-0.004271494457499969
709,-0.0042459565271247834
1235,-0.0042447751224347074
560,-0.004231282699716066
1203,-0.004226886643707961
26,-0.004221904707627067
1205,-0.004221744957982887
927,-0.004208597216037613
587,-0.0041970616898707735
889,-0.00419299081533131
97,-0.004138572171886734
1484,-0.004119259955236099
1123,-0.004109478237951936
180,-0.004100050962965729
494,-0.004065481011177652
436,-0.004019999415830311
142,-0.0038871460081935094
1105,-0.0038052487987245698
844,-0.0034695579762822337
563,-0.0034453246797824244
1010,-0.0034311223412752945
1428,-0.003384496051260233
1085,-0.0033535715101782326
1444,-0.0032683345441687495
307,-0.0032637377032883608
680,-0.00326297185475255
1113,-0.0032499133998012963
54,-0.0032333590092817888
1100,-0.00322557446988736
32,-0.0032112134785706736
1520,-0.003194303506671048
1540,-0.0031795825397359367
1402,-0.003175414834274748
982,-0.003166684983449519
381,-0.003162976308440313
1566,-0.0031283732914688667
858,-0.0031114207451280462
755,-0.003087986783320895
1157,-0.0030811743662140234
1456,-0.0030708651699904443
1252,-0.003033623148260056
1500,-0.003032475746641561
1605,-0.0030266223766927114
215,-0.0029958089678081556
643,-0.0029954303574932784
1212,-0.0029747565473438042
376,-0.002967437816728702
1687,-0.002959086815469747
1647,-0.002955413155374065
531,-0.0029550904732874583
734,-0.0029392344413194937
622,-0.002933235673175716
1161,-0.002910398778506962
803,-0.0028991725445627337
1199,-0.0028912599460689803
1093,-0.0028910402219143316
878,-0.0028841224896601902
1480,-0.0028789953433842053
1198,-0.002857831344325379
412,-0.0028575497195577615
450,-0.002856085350816051
378,-0.0028544239448495823
938,-0.0028446745733979872
1098,-0.002830026257733098
146,-0.0028178087782106953
1499,-0.002813588059207617
48,-0.0028105395931831145
202,-0.0028094709991907107
5,-0.0028087634198541434
1064,-0.002802342042573458
1679,-0.0028019566864408985
891,-0.002782012337745554
1550,-0.0027769568374085285
1086,-0.002776617083927846
267,-0.002776047363243217
129,-0.002776047363243217
248,-0.0027760301956316624
864,-0.0027715812038320298
609,-0.0027715812038320298
918,-0.0027709631059841255
171,-0.0027651505901732376
413,-0.002754575547128768
473,-0.0027520178140746365
1296,-0.0027520178140746365
264,-0.0027474338948750843
414,-0.002736077830337358
154,-0.0027358926144219753
869,-0.0027307650977864695
1038,-0.002728970633924521
814,-0.0027122593150908925
1368,-0.0027101197976603375
1335,-0.0027101197976603375
355,-0.0027057130583313382
714,-0.002705419542647358
430,-0.0027054085474569334
1228,-0.0026988067700770557
1381,-0.0026951786438624836
1362,-0.0026951786438624836
673,-0.0026951786438624836
1121,-0.0026946358246392466
817,-0.002692413463108778
212,-0.0026740795364369463
113,-0.0026712782177454875
1394,-0.0026582979155456155
139,-0.0026550423687471403
561,-0.0026507788682730293
448,-0.002647757678560736
191,-0.002639625355912445
971,-0.002639625355912445
232,-0.0026365829023902165
1544,-0.0026121522573920863
1028,-0.0026116307793240257
18,-0.002609476759812712
718,-0.0026070792173762403
789,-0.002607057287146719
231,-0.0026059168974854607
792,-0.0026028088270315664
211,-0.0026027048824288634
1426,-0.002601960812847026
484,-0.0026010450462342627
315,-0.002595408821612577
1465,-0.002592007649598549
936,-0.002592007649598549
398,-0.0025883084273629064
795,-0.0025847033452562895
572,-0.002577037749684763
720,-0.0025767783916196274
518,-0.002563453492824719
767,-0.0025618457678875384
937,-0.0025607961778174593
511,-0.0025603751666078978
273,-0.0025563406531119437
1635,-0.002551446851677075
1611,-0.002551126211340571
1124,-0.0025508676748219328
349,-0.0025482499163342887
453,-0.0025471814974279416
24,-0.002546746332207306
1116,-0.0025430928349208237
956,-0.0025429040778416345
724,-0.0025386862953757916
187,-0.0025382751888340938
148,-0.0025382751888340938
1469,-0.002532381920679838
300,-0.002510801157446174
1017,-0.002510553182383468
416,-0.002510553182383468
374,-0.002507370643810125
1182,-0.002507370643810125
1621,-0.0025042121333772593
781,-0.0024969825945003743
1516,-0.002494797080663469
1586,-0.0024914947875941396
457,-0.002490201878499798
422,-0.0024853397739289518
701,-0.0024833624649458486
1246,-0.0024789533000930675
854,-0.002469565037308996
1624,-0.002466778665775382
1684,-0.0024646527568529253
427,-0.002461996466241012
1509,-0.002453000125035909
163,-0.00244516131003103
557,-0.00244516131003103
1446,-0.002433666993796879
1432,-0.002428895541099374
1371,-0.0024149143751640567
590,-0.0024138479723585515
395,-0.002413021375787361
1089,-0.00241071137347737
618,-0.002404679069322624
1632,-0.002402972675559112
472,-0.002397925618132013
683,-0.002397925618132013
570,-0.002397925618132013
569,-0.0023967994180759122
1060,-0.002385259152248409
939,-0.0023829490417716093
525,-0.002376679676986182
879,-0.002376086973751357
1220,-0.0023725273508523603
1571,-0.0023725273508523603
1271,-0.0023700767043467463
173,-0.002364216394249996
1573,-0.0023640661938534313
976,-0.0023639034468635467
1174,-0.0023639034468635467
1217,-0.0023478779229859637
380,-0.0023408573567293978
700,-0.002337939259090649
633,-0.002337477529334886
966,-0.002337477529334886
667,-0.0023311873902526203
1448,-0.00232933067277874
34,-0.0023195625315669544
1626,-0.0023090964342363796
536,-0.002307365250404758
804,-0.002301462979526825
293,-0.0022977307904883393
833,-0.0022901891252954387
140,-0.0022832146420842525
1192,-0.0022832146420842525
1631,-0.0022814272016399295
914,-0.0022798798954443145
554,-0.0022648435701563274
1547,-0.002261016734178334
1653,-0.002255409322261759
1534,-0.002252968662543209
103,-0.0022486952227606105
1513,-0.0022486019982890237
111,-0.002241524980508114
1129,-0.002234200301768352
1103,-0.002224071478174494
641,-0.002223153908580189
469,-0.002222313275191956
1319,-0.002222313275191956
1672,-0.0022119791324095583
236,-0.002209337573526371
289,-0.0021997861547159436
1242,-0.00218478841497205
1280,-0.0021803553069257298
580,-0.0021523114384336406
690,-0.00214412737276537
827,-0.00214412737276537
134,-0.002125115651626097
1556,-0.0021130599098203584
321,-0.0021112348593116392
331,-0.002108036707014649
598,-0.002092469894451665
513,-0.0020777345123139668
1110,-0.002073956736298954
711,-0.0020739543625882817
423,-0.0020739543625882817
1178,-0.0020633217203765986
685,-0.0020516897066061857
432,-0.0020397671383061144
105,-0.00203872666244187
1233,-0.00203872666244187
393,-0.00203872666244187
929,-0.00203872666244187
825,-0.0020286631772010733
1108,-0.0020286631772010733
750,-0.0020229880654331067
125,-0.001999198356294918
1419,-0.001998657743901955
214,-0.001997037000865731
1101,-0.001992372423346822
204,-0.0019864318976291484
752,-0.0019849273370708964
1193,-0.001971634551421797
1014,-0.0019681643389888315
1348,-0.00196749097345017
1466,-0.0019537825027416966
1472,-0.0019508379682555699
397,-0.001949870132494258
596,-0.001941576906765885
1062,-0.001941093574420516
1263,-0.0019338175879874964
1015,-0.0019185473039603496
1189,-0.0019163299258564415
1533,-0.0019163299258564415
387,-0.0019029756118273955
1451,-0.0018862176469260916
461,-0.001864118474415477
94,-0.0018282423512919754
1563,-0.001806105164750993
954,-0.0018036541521084803
1052,-0.001800865730292034
329,-0.0017598583389016875
1283,-0.0016789523835142317
842,-0.0015016427106590013
591,-0.0013385252109632262
1560,-0.00114577409863037
336,-0.0011019045655763504
1423,-0.0010270996115469
530,-0.0009193925904141809
931,-0.0008817601077862891
249,-0.0008700506312674383
1552,-0.0008452915787029447
109,-0.0008402042422057665
385,-0.0008113486404213166
908,-0.0008082120415402461
657,-0.0008082120415402461
1424,-0.0008000572310480347
1548,-0.0007756374400130772
133,-0.0007599910873938853
408,-0.0007574298901409371
644,-0.000743632910757408
1151,-0.0007221668802562808
615,-0.0007210022597433641
1511,-0.0007146234798193207
1649,-0.0007135145270766863
410,-0.0007010855321871734
717,-0.0006751289820139394
1440,-0.0006649588050784416
403,-0.0006478793245532355
723,-0.0006278664669124856
950,-0.0006274254034175364
1683,-0.0006223833440145432
285,-0.0006128901851043533
404,-0.0006105104831782837
193,-0.0005836737416237137
225,-0.0005801569608817614
1024,-0.0005738901522864825
768,-0.0005738901522864825
235,-0.0005586326127628993
997,-0.0005375023058939998
158,-0.0005331685201458436
128,-0.0005101951437284091
738,-0.0005028717884884015
1102,-0.0004937562263445106
1004,-0.0004920191569626198
876,-0.00048585823794766725
1352,-0.00048463008781518546
708,-0.0004837449784258485
1054,-0.00048200818881416474
303,-0.0004814349761158576
36,-0.0004701850857907752
224,-0.00046919687877133853
839,-0.00046849155615946714
981,-0.0004618286887791978
989,-0.0004515703023920681
55,-0.0004512682319275374
1522,-0.0004479539778281527
1092,-0.00042686598222407834
1361,-0.00041523402531162823
501,-0.0003980151054620018
1377,-0.0003955607767665015
47,-0.0003866184466390088
851,-0.00038571798145736746
392,-0.0003830365561362514
674,-0.0003810948153188942
362,-0.00038090515686972637
1349,-0.0003743125285677884
843,-0.00037121819476659823
1485,-0.0003634041190032633
698,-0.0003593808087508643
107,-0.0003497689011305871
1638,-0.0003410258967788682
925,-0.0003390116863791759
967,-0.00033733041398886776
64,-0.0003354050794929231
923,-0.0003347405762236244
764,-0.00031513111440328867
543,-0.0003073534157973512
1422,-0.0003030705821005508
677,-0.0003027197524632097
467,-0.0002985740499739098
1508,-0.0002985740499739098
634,-0.0002833330914761012
1372,-0.0002787237670712761
1645,-0.00027371349211491314
890,-0.0002697635068287241
534,-0.00026590224924805117
565,-0.00026375488912233624
311,-0.00026035269514346204
244,-0.0002520367700321602
199,-0.00025167618447274887
1580,-0.0002497424210842203
866,-0.0002287200332259376
1613,-0.00021410429928092611
605,-0.00020794625375941678
1589,-0.00019641352713939408
1570,-0.00019630897275446646
1167,-0.00019630897275446646
143,-0.00018847635196472812
1120,-0.0001879618340361322
282,-0.00017176506072424935
1461,-0.00017000811066314458
1554,-0.00016321669437169284
884,-0.00015194173772326014
541,-0.00014083133903974865
1363,-0.00014023733214185707
1501,-0.00013988080477445042
828,-0.0001236588470630018
1066,-0.00012052224818193125
559,-0.00011861997639739386
447,-0.00011488710623963616
995,-0.0001082784957275873
170,-0.00010768858001830584
1128,-8.689544468354349e-05
496,-8.57348922047585e-05
1661,-7.669894462603022e-05
1561,-5.483320199628494e-05
1646,-4.978177850512022e-05
1195,-4.71591839719121e-05
1546,-4.0998264957070596e-05
801,-3.73621132300217e-05
1046,-3.722491879853962e-05
1612,-3.294370020145987e-05
70,-3.186993688530926e-05
222,-1.622195771133761e-05
190,-1.548458921152296e-05
270,2.770149272079969e-06
1667,2.770149272079969e-06
653,1.3145351883236955e-05
1299,1.3145351883236955e-05
1514,4.894934438748333e-05
650,5.286838460183407e-05
91,5.556211695778579e-05
555,5.5842413352991116e-05
503,5.824152635158786e-05
1061,6.0961621245247954e-05
1664,6.144669731034114e-05
1594,8.344022232908976e-05
797,8.824161515030848e-05
219,8.8854919934378e-05
1112,9.852551635991524e-05
383,0.00010132365749582206
594,0.0001044392702874708
1034,0.00012002215016382323
209,0.0001206815834475794
110,0.00012082913257926986
288,0.0001292981688287842
575,0.00013089261782017747
1488,0.0001319946110309722
1677,0.0001329235397861117
176,0.00013881026898943105
246,0.00014143286352263917
1682,0.00014425895062852856
1367,0.00014606175253006892
584,0.00014794117210281676
287,0.00016288436350664348
1359,0.00016516834840374361
121,0.0001659249771055471
729,0.00017633512920933736
1307,0.00018015487312950107
1288,0.00018134719095896923
10,0.00019418602425336218
141,0.00019482940336124077
1131,0.00019861939934717743
681,0.00021026550281877388
1306,0.00021920140500364393
45,0.0002403294912847187
181,0.00024447344380684743
912,0.00024869162450791293
1315,0.00025503867926068846
933,0.0002901118312651496
1021,0.0002937396491211608
763,0.0002948194955473271
1425,0.00031237648724724565
1492,0.0003470572686948836
735,0.000354906782211728
172,0.0003563272553488428
785,0.00035955358385464375
820,0.00037096338303443943
1019,0.00037096338303443943
910,0.0003781809426016691
882,0.0004161363857065892
8,0.0004361735837954406
22,0.00047700189582022823
1354,0.0004772152126155671
928,0.0005091080355392741
823,0.0005178921105626344
1143,0.0005372493788708965
1226,0.0005678029198166179
585,0.000600867014000972
417,0.0006015885336624338
1551,0.0006242450530405952
221,0.000763047988092902
482,0.0007670061657778504
868,0.0008657539051787344
606,0.0008927247133310168
257,0.0009222436794428246
1641,0.0013192988500272396
51,0.0014039077918980292
1213,0.0014261115684194303
477,0.0015197540903703066
824,0.0015807279447238587
659,0.0015853627515715063
900,0.001598650143149527
1418,0.0016720361867491595
807,0.0016939305028415008
919,0.0017160221666774333
957,0.0017160308504552413
1253,0.0017160308504552413
1454,0.0017469238210862104
446,0.0017734408356031572
73,0.001789224034807968
326,0.0018566001880118144
177,0.0018792220258910808
440,0.0018853022337689262
987,0.0018914827566494097
1148,0.0018929763605948224
1181,0.0018948098646679457
16,0.0019226550166265843
676,0.0019310935081191527
1000,0.0019370228398782885
454,0.0019486299537936347
1636,0.0019613597456590304
540,0.001975058010892261
998,0.001982971378534537
425,0.001982971378534537
840,0.0019928167019662713
1328,0.001999939927596839
1593,0.0020490233432022276
283,0.002062050131178772
419,0.0020686386951705993
265,0.002087780662254013
433,0.0020967376141406424
1207,0.0021271727217555547
932,0.002129172953641123
926,0.0021353461606274937
470,0.0021371518836040826
737,0.0021382621584444816
1549,0.0021600564509512976
79,0.002160890823445838
101,0.002164498905591339
347,0.0021848320238576635
788,0.002204240861381157
1224,0.0022224515294566594
958,0.0022318284724966997
870,0.0022518148305552543
850,0.0022669096052067017
203,0.0022723904018229213
1139,0.002300637155615015
771,0.0023092329918571464
272,0.0023092329918571464
1326,0.002326835552185935
1431,0.0023357372900558726
296,0.0023370530420735447
21,0.002343057509897384
1476,0.002354282753218806
974,0.0023759534811097494
696,0.002383118429368003
973,0.0023890434072975086
424,0.0023890434072975086
194,0.0023894117489926536
1669,0.002425655351337541
1293,0.002426372056448911
435,0.00243244667058673
567,0.002433169670626012
459,0.0024532954441423005
875,0.002458628841607524
603,0.0024594648734196367
1013,0.002498305477028784
1141,0.0025054990573760705
1616,0.0025087039318015814
1138,0.002521751453722243
573,0.0025241395720118076
1097,0.0025318456836667114
207,0.002542740239862451
96,0.002545197931069554
1357,0.002552803448193419
1395,0.002559952499103346
1309,0.0026114516038793223
1149,0.0026260115892361435
465,0.002643051486169723
877,0.0026730123098901437
874,0.0026798206114181378
1452,0.002682723320752367
444,0.00268355085916816
759,0.002686054818372363
630,0.002709360010344719
553,0.002720393449202274
922,0.0027694652903562655
953,0.002800239777648761
1650,0.002810391560320036
510,0.002811319072042795
37,0.0028413901430119903
800,0.0028819583044160657
1538,0.002909778995283663
1525,0.002994081381929581
904,0.0030070828772147395
1392,0.003061476509670369
600,0.0030933808555095865
463,0.0031260851279456547
1056,0.0035556713216616798
1011,0.003642427297764539
1265,0.004038349713897382
1155,0.004134459581913497
1276,0.0041507938217012486
13,0.004154593706818255
793,0.004161160666705688
940,0.004167124493166696
1577,0.004238835094556803
1200,0.004253878579225656
832,0.00434177926618351
1249,0.004345729251469699
1023,0.0043503581404770175
994,0.00435976040259356
1096,0.0043809908287891774
65,0.0044278287917580705
547,0.004443568632623851
62,0.00445793750897483
238,0.0045356914423312356
760,0.0045429732397817
1298,0.004546087324168169
159,0.004579754593986962
27,0.004610442800532355
730,0.004611467032887284
589,0.004656777017393088
1197,0.0046689075202513974
92,0.004673560351977191
1316,0.0047165259658671355
1218,0.004797592639863124
114,0.004812307991753917
348,0.004828090405723406
911,0.004910346260471377
656,0.004934042952226658
1026,0.004951754290873356
1206,0.005342643902579325
980,0.006407600152926407
434,0.006451837957449191
1005,0.006474319459777722
1473,0.006553903453728971
500,0.0066179447730790875
1006,0.006747365952712303
1230,0.006901208154336924
1355,0.006920375910586363
1063,0.0069203844452613295
1137,0.00694263725552835
1170,0.0070328456002446416
1364,0.0070444662483740705
749,0.0070988567939171965
479,0.0070992642659759575
892,0.0071283475321169965
220,0.00731982688336319
2,0.007329230113093388
810,0.007357600214068616
1512,0.007361301728869396
1608,0.0073859978402661675
941,0.007418644653981343
1410,0.007457861023395629
1331,0.007470243574192348
1234,0.007522447187426118
747,0.007646059234122093
431,0.009185436129630187
1183,0.009219876608819844
1532,0.009404007499139166
551,0.009428851230637414
754,0.009474885625822993
655,0.009886107327431448
208,0.0117161808520444
1373,0.011992354695440577
